label,text
  I'm gonna say no. Sorry. I would but as normal,am starting to panic about time. Sorry again! Are you seeing on Tuesday?
  Hi the way I was with you to day  is the normal,way&this is the real me. you are unique&I hope I know you for the rest of mylife. Hope you find won't was lost.
  I'm gonna say no. Sorry. I would but as normal,am starting to panic about time. Sorry again! Are you seeing on Tuesday?
  You have registered Sinco as Payee. Log in at icicibank.com and enter URN  &lt;#&gt;  to confirm. Beware of  fraud,s. Do NOT share or disclose URN to anyone.
  You have registered Sinco as Payee. Log in at icicibank.com and enter URN  &lt;#&gt;  to confirm. Beware of  fraud,s. Do NOT share or disclose URN to anyone.
  Ok i found dis pierre cardin one which looks normal,costs 20 its on sale.
  Must come later.. I normal,ly bathe him in da afternoon mah..
  First has she gained more than  &lt;#&gt; kg since she took in. Second has she done the blood sugar tests. If she has and its ok and her blood pressure is within normal,limits then no worries
  Onum ela pa. normal,than.
  I have 2 docs appointments next week.:/ I'm tired of them shoving stuff up me. Ugh why couldn't I have had a normal,body?
  Any  fraud,ulent act or deception on social media  internet  mobile phones etc all are cybercrimes.
  There are many types of  fraud,s  blackmailing and threats being done through the phones and internet.
  Its normal,ly hot mail. Com you see!
  Just normal,only here :)
  Text PASS to 69669 to collect your polyphonic ringtones. normal,gprs charges apply only. Enjoy your tones
  normal,ly i use to drink more water daily:)
  We can go 4 e normal,pilates after our intro...
